Model,MSE,RMSE,MAE,R2,Acc_±5%,Acc_±10%,Acc_±15%,Binned_Accuracy(%)
LinearRegression,407329342.69864756,20182.401806986392,6141.63631674209,-21.341840324682288,6.896551724137931,13.793103448275861,17.24137931034483,
SVR (RBF),27663881.49230602,5259.6465178095405,1798.9199473342092,-0.5173520742876911,55.172413793103445,65.51724137931035,72.41379310344827,
RandomForest,89310471.86161123,9450.421782206931,4220.281528005917,-3.898641203784737,20.689655172413794,31.03448275862069,41.37931034482759,
